,Brands,prices
0,Calça Barra Crew de Sarja Pattern B,
1,Jaqueta Barra Crew Barra Camo (Black),
2,Moletom Barra Crew Assinatura Camo (Off White),
3,Camiseta Barra Crew B Tribal Estonada (Grafite),
4,Camiseta Barra Crew B Garça Remix (Brown),
5,Camiseta Barra Crew B Garça Remix (Black),
6,Camiseta Barra Crew Raízes do Brasil (Off White),
7,Camiseta Barra Crew Raízes do Brasil (Black),
8,Camiseta Barra Crew Presente (Brown),
9,Camiseta Barra Crew Presente (Off White),
10,Camiseta Barra Crew Presente (Black),
11,Camiseta Barra Crew Berço B (Off White),
12,Camiseta Barra Crew Berço B (Black),
13,Camiseta Barra Crew Hidropen (Black),
14,Shorts Barra Crew Logo (Black),
15,Calça Barra Crew Jeans Raízes (Grafite),
16,Calça Say Ur Drawstring (Black),
17,Saia Say Ur Maxi Skirt Wave (Black),
18,Jaqueta Say Ur Sport Jacket Dynamic (Black/Brown),
19,Colete Say Ur Tied Vest Rusty (Brown),
